inventory_id,drug_id,batch_number,stock_quantity,reorder_level,expiry_date,supplier_id
1,566,B2026A002,629,1241,2027/06/13,17
2,376,B2026A003,560,1187,2028/08/28,6
3,572,B2025A004,350,1703,2030/04/13,5
4,72,B2025A004,159,405,2030/02/06,14
5,530,B2025A002,406,709,2027/11/26,18
6,809,B2026A004,208,357,2028/10/15,11
7,600,B2025A002,837,1031,2030/07/11,16
8,67,B2026A003,382,1165,2027/08/26,2
9,832,B2025A002,576,1973,2029/12/11,9
10,236,B2025A004,376,1239,2028/09/09,1
11,785,B2025A004,584,1631,2029/07/07,9
12,841,B2025A004,312,175,2030/01/17,1
13,76,B2026A003,23,955,2030/05/25,5
14,603,B2026A002,91,859,2029/08/29,14
15,488,B2026A003,196,1198,2030/03/16,2
16,456,B2025A005,271,1625,2030/01/12,13
17,269,B2026A001,232,477,2028/02/20,11
18,111,B2026A001,162,1359,2028/12/17,17
19,76,B2025A004,368,383,2030/12/04,17
20,345,B2026A004,895,175,2027/09/22,15
21,345,B2025A004,200,1232,2030/10/20,20
22,690,B2025A001,162,1710,2029/09/05,16
23,108,B2026A001,749,272,2028/02/17,1
24,77,B2025A002,607,989,2028/07/19,8
25,371,B2026A004,335,143,2028/03/25,16
26,341,B2025A002,147,144,2029/10/10,20
27,103,B2025A002,905,1406,2028/07/28,18
28,40,B2025A001,876,1716,2027/04/12,18
29,337,B2026A002,673,1260,2029/12/17,10
30,779,B2025A002,814,1049,2030/11/23,12
31,183,B2025A004,445,1300,2028/05/27,14
32,54,B2025A002,320,730,2027/06/29,19
33,144,B2026A005,123,153,2027/03/03,10
34,818,B2025A004,84,1577,2027/02/10,11
35,15,B2025A002,23,1297,2028/05/10,7
36,918,B2025A005,174,866,2027/07/01,16
37,649,B2025A002,483,876,2027/07/03,8
38,623,B2025A003,196,1973,2027/04/22,9
39,162,B2026A002,83,899,2030/02/13,17
40,338,B2025A005,387,1054,2028/12/27,6
41,438,B2026A002,867,1393,2027/11/13,16
42,186,B2026A002,257,1722,2029/07/16,15
43,947,B2026A001,387,539,2027/10/06,5
44,913,B2026A003,720,1290,2029/05/21,11
45,417,B2025A003,820,1444,2029/10/18,1
46,570,B2025A003,593,316,2027/10/17,18
47,80,B2025A003,486,1907,2027/10/16,13
48,258,B2025A002,540,666,2027/03/08,5
49,60,B2026A002,36,556,2029/02/11,19
50,511,B2026A004,526,1555,2030/12/08,15
51,667,B2025A002,360,1391,2028/06/12,18
52,24,B2026A002,350,1062,2028/06/25,18
53,160,B2026A003,131,695,2030/05/21,1
54,823,B2025A001,387,1249,2029/02/22,9
55,440,B2025A001,217,142,2027/09/13,12
56,268,B2025A005,807,1202,2029/02/17,10
57,573,B2025A001,587,1546,2029/05/19,17
58,95,B2026A005,918,1715,2030/03/14,12
59,704,B2025A005,201,1431,2030/01/11,9
60,401,B2025A004,176,736,2027/11/27,9
61,611,B2025A001,784,1092,2029/06/26,18
62,773,B2025A003,135,1122,2029/03/30,10
63,308,B2025A002,758,1449,2028/07/12,16
64,469,B2026A003,259,414,2030/11/30,3
65,789,B2025A004,993,909,2029/04/27,15
66,66,B2026A003,332,619,2029/07/12,6
67,864,B2026A002,2,901,2027/12/08,19
68,90,B2026A001,622,401,2027/08/03,13
69,136,B2026A004,733,198,2028/11/05,10
70,274,B2025A005,756,1606,2029/08/13,9
71,485,B2025A004,413,322,2030/07/31,12
72,549,B2025A005,996,1473,2029/05/27,8
73,163,B2025A001,511,506,2029/05/03,2
74,120,B2026A002,966,1590,2029/03/27,11
75,749,B2025A003,653,1381,2028/02/15,18
76,782,B2025A001,185,1003,2027/10/10,18
77,768,B2025A003,432,355,2027/09/16,17
78,370,B2025A005,161,199,2029/12/29,11
79,336,B2026A004,688,1839,2027/06/04,3
80,723,B2026A004,165,1050,2027/04/30,18
81,881,B2026A003,181,891,2028/02/24,9
82,81,B2025A001,458,1784,2027/11/12,18
83,777,B2026A004,778,562,2030/05/12,5
84,379,B2026A001,625,1116,2029/01/01,10
85,573,B2025A001,925,541,2029/07/28,5
86,634,B2025A003,173,823,2029/04/13,11
87,797,B2025A001,785,110,2030/02/08,3
88,306,B2025A005,52,1377,2028/12/07,7
89,697,B2026A003,765,168,2029/04/07,19
90,770,B2025A002,467,485,2029/12/23,8
91,664,B2026A004,743,1366,2030/11/27,14
92,928,B2026A004,194,1503,2028/11/30,9
93,269,B2025A001,132,367,2027/08/05,4
94,670,B2025A005,789,126,2028/10/17,9
95,845,B2025A004,13,1799,2027/05/31,7
96,622,B2026A002,756,249,2030/07/04,16
97,619,B2025A001,472,464,2030/10/18,4
98,623,B2025A005,570,1341,2029/10/04,16
99,182,B2026A003,130,450,2029/01/03,1
100,366,B2025A001,731,591,2028/01/18,5
101,211,B2026A002,548,1684,2030/07/02,2
102,888,B2025A001,959,1663,2030/09/06,1
103,584,B2026A001,175,1885,2027/01/30,20
104,706,B2025A005,329,421,2030/01/02,14
105,64,B2025A003,851,1283,2028/06/11,17
106,934,B2025A001,813,328,2028/02/11,17
107,653,B2025A002,859,863,2027/11/13,3
108,373,B2026A002,424,387,2027/08/27,19
109,270,B2026A004,182,809,2030/12/09,5
110,419,B2026A005,438,1306,2028/12/28,17
111,681,B2025A002,248,864,2028/10/02,4
112,232,B2025A004,809,1819,2028/08/23,1
113,548,B2025A004,554,1920,2027/10/02,19
114,287,B2026A005,424,1253,2030/03/06,2
115,433,B2025A005,87,1238,2028/02/22,17
116,579,B2026A004,823,1871,2030/05/07,10
117,623,B2026A002,490,1916,2029/11/27,15
118,845,B2025A001,667,122,2029/03/20,15
119,430,B2026A003,865,1304,2027/08/10,11
120,559,B2026A004,28,1529,2029/06/07,4
121,990,B2026A001,238,101,2030/07/10,12
122,141,B2026A004,556,386,2028/07/26,19
123,824,B2026A004,232,1468,2027/04/12,17
124,613,B2025A002,387,1390,2030/10/03,6
125,842,B2025A002,70,1769,2028/12/29,12
126,30,B2026A002,656,857,2028/05/18,11
127,437,B2026A004,763,1004,2027/08/06,6
128,818,B2026A001,593,1472,2028/12/09,10
129,944,B2026A004,196,341,2029/04/23,12
130,330,B2026A003,440,1181,2027/11/21,18
131,415,B2025A002,780,1670,2029/01/15,16
132,757,B2025A004,956,1476,2027/12/20,14
133,845,B2025A004,375,758,2028/07/22,11
134,841,B2025A001,839,1035,2029/07/08,3
135,556,B2025A003,399,1243,2027/01/19,2
136,725,B2026A001,916,319,2028/02/13,1
137,594,B2025A001,34,1747,2030/10/12,14
138,928,B2026A002,480,1707,2030/12/23,8
139,791,B2026A003,419,1752,2029/05/16,4
140,128,B2026A004,85,664,2028/12/17,9
141,771,B2026A005,852,937,2029/08/07,13
142,458,B2025A004,726,1964,2029/03/07,1
143,676,B2025A003,392,398,2028/06/29,3
144,845,B2025A005,243,714,2030/05/25,18
145,133,B2025A004,163,1664,2027/06/17,1
146,661,B2026A004,660,1599,2027/04/10,18
147,37,B2026A004,447,191,2030/05/16,5
148,627,B2025A005,347,1387,2028/05/17,15
149,691,B2025A003,1,1633,2028/01/26,5
150,754,B2026A005,183,305,2028/10/07,18
151,92,B2025A001,896,298,2028/04/23,5
152,892,B2026A004,162,827,2029/02/18,12
153,7,B2026A001,647,1925,2028/12/08,10
154,726,B2026A004,560,1548,2029/07/05,7
155,604,B2025A005,244,1638,2029/06/25,9
156,831,B2025A002,540,767,2030/10/18,13
157,894,B2025A004,995,153,2030/01/23,8
158,881,B2026A002,848,1072,2027/10/08,8
159,306,B2025A002,702,810,2030/05/24,17
160,663,B2025A004,351,1494,2030/06/28,8
161,849,B2025A002,511,1495,2027/01/01,8
162,954,B2025A002,242,1421,2028/06/10,15
163,351,B2025A001,929,1669,2030/03/31,2
164,691,B2025A004,711,693,2029/08/05,3
165,694,B2026A002,506,172,2030/05/04,4
166,363,B2025A002,97,318,2028/12/23,19
167,834,B2026A001,229,687,2030/12/13,18
168,388,B2025A001,149,448,2028/02/01,17
169,690,B2026A001,683,1174,2029/12/16,17
170,868,B2026A005,14,1674,2029/07/21,1
171,166,B2025A005,927,1686,2030/10/03,2
172,343,B2026A004,551,528,2030/04/07,9
173,17,B2025A001,945,1784,2027/10/07,4
174,449,B2026A005,687,1243,2028/07/21,9
175,555,B2026A005,868,1004,2028/03/30,3
176,227,B2025A001,832,1620,2027/01/03,8
177,755,B2026A002,240,307,2030/03/04,19
178,200,B2026A001,198,754,2027/10/12,14
179,370,B2026A002,387,1623,2029/07/13,16
180,482,B2025A004,709,1692,2027/02/18,4
181,588,B2026A002,227,443,2027/12/19,11
182,583,B2025A005,652,790,2029/12/09,14
183,596,B2025A003,343,942,2029/04/09,13
184,75,B2026A005,415,1999,2028/06/08,7
185,799,B2025A004,933,747,2028/08/15,1
186,348,B2026A001,861,1744,2030/06/07,10
187,645,B2026A002,183,1464,2029/11/07,7
188,672,B2026A005,468,1942,2030/07/14,4
189,379,B2026A004,896,1656,2030/03/02,14
190,529,B2025A004,612,1510,2028/11/05,5
191,209,B2026A003,590,738,2030/06/28,6
192,759,B2025A005,15,1742,2028/10/23,15
193,382,B2026A004,310,552,2028/07/29,20
194,88,B2025A004,52,1337,2028/11/10,2
195,657,B2025A003,346,752,2028/12/10,8
196,329,B2025A001,943,1870,2030/11/08,3
197,957,B2026A004,229,164,2027/07/25,19
198,642,B2025A004,861,1065,2030/12/21,12
199,51,B2026A005,387,1502,2027/10/29,5
200,646,B2025A004,809,587,2027/02/08,10
201,138,B2025A004,75,431,2028/07/05,20
202,965,B2026A005,520,1034,2028/09/06,18
203,778,B2025A005,12,111,2027/11/12,20
204,18,B2026A004,753,398,2029/11/27,5
205,643,B2026A001,704,1222,2028/01/06,19
206,156,B2026A005,927,631,2029/07/27,14
207,408,B2026A005,56,999,2027/10/20,17
208,686,B2026A003,551,1997,2029/10/21,18
209,742,B2025A004,978,1588,2028/09/03,18
210,401,B2025A005,155,923,2030/06/11,9
211,89,B2025A001,554,1669,2027/06/23,8
212,399,B2025A005,510,1164,2028/11/30,6
213,592,B2026A005,642,1636,2027/10/12,12
214,888,B2025A005,219,593,2029/07/02,3
215,918,B2025A001,374,1189,2029/03/29,11
216,290,B2025A001,10,1234,2028/04/28,6
217,478,B2026A003,351,1562,2028/04/30,15
218,848,B2026A002,380,1061,2027/06/23,14
219,499,B2026A005,103,491,2028/07/12,19
220,231,B2025A004,672,1369,2027/11/14,1
221,277,B2026A005,946,966,2029/10/30,4
222,904,B2025A005,758,587,2029/06/02,18
223,106,B2026A004,160,1564,2029/07/12,9
224,598,B2025A003,715,573,2029/03/04,17
225,91,B2025A002,515,1698,2027/08/08,8
226,982,B2025A004,77,1641,2027/03/08,9
227,438,B2026A004,766,649,2030/12/21,13
228,809,B2026A001,606,1099,2028/02/02,6
229,205,B2026A003,538,569,2030/11/03,7
230,947,B2025A002,852,1291,2027/12/09,11
231,830,B2025A001,432,174,2029/02/09,2
232,699,B2026A001,706,163,2029/02/07,12
233,350,B2025A005,264,1997,2029/06/30,14
234,934,B2025A004,296,677,2029/10/20,1
235,288,B2026A002,103,1910,2028/11/20,13
236,149,B2025A003,476,977,2028/07/08,6
237,668,B2025A002,457,464,2029/02/12,18
238,464,B2026A005,296,1020,2027/12/31,18
239,49,B2025A001,184,1879,2027/08/12,11
240,902,B2025A004,183,783,2030/06/15,8
241,845,B2026A005,444,528,2029/02/10,6
242,346,B2026A001,417,583,2027/03/14,19
243,638,B2026A002,904,339,2029/03/25,13
244,604,B2026A002,87,253,2027/07/04,3
245,374,B2025A003,243,567,2029/08/28,9
246,702,B2025A002,126,756,2028/09/19,13
247,710,B2026A001,81,1989,2030/07/21,13
248,279,B2026A005,519,723,2030/09/06,19
249,424,B2025A005,753,278,2027/10/05,2
250,827,B2025A001,589,1765,2029/12/01,15
251,690,B2026A001,446,239,2028/11/05,8
252,453,B2025A004,341,182,2029/07/03,20
253,454,B2026A002,610,459,2029/08/06,20
254,978,B2026A002,961,1376,2028/08/28,20
255,537,B2025A002,456,763,2029/12/30,14
256,214,B2025A005,44,373,2030/10/22,13
257,832,B2025A001,166,1371,2028/04/14,4
258,752,B2025A003,403,675,2030/03/22,8
259,262,B2026A002,440,269,2028/09/14,16
260,88,B2026A002,821,112,2027/01/21,15
261,348,B2026A001,461,1140,2030/08/07,6
262,917,B2025A003,757,811,2030/05/08,11
263,280,B2025A002,367,1076,2027/07/23,2
264,455,B2026A001,360,682,2029/09/16,14
265,128,B2025A005,231,1468,2027/11/18,8
266,582,B2025A004,760,264,2030/03/04,9
267,159,B2025A002,326,215,2028/12/03,12
268,99,B2025A004,177,247,2029/05/06,10
269,755,B2026A005,787,1930,2030/07/05,2
270,297,B2026A005,845,481,2028/02/15,17
271,320,B2025A003,541,732,2028/10/20,17
272,557,B2026A003,105,1020,2028/02/01,11
273,780,B2026A002,193,1139,2030/02/08,5
274,222,B2025A004,135,567,2030/01/11,4
275,144,B2025A005,798,1493,2030/12/11,20
276,478,B2025A005,691,859,2030/02/28,10
277,283,B2025A005,283,1678,2030/05/09,15
278,923,B2026A004,61,1516,2027/06/10,10
279,153,B2026A002,843,452,2030/01/12,18
280,107,B2026A004,56,1043,2030/10/28,1
281,354,B2026A001,59,212,2029/06/28,3
282,989,B2026A005,959,558,2027/04/22,2
283,331,B2026A002,117,610,2030/11/09,10
284,755,B2026A004,442,1675,2030/07/18,8
285,177,B2026A003,766,1658,2028/11/23,10
286,494,B2026A005,197,1560,2030/04/21,8
287,428,B2026A002,125,757,2028/07/01,4
288,821,B2025A005,674,1166,2030/01/28,17
289,873,B2025A002,440,1858,2027/07/20,17
290,385,B2026A005,17,1670,2028/09/22,7
291,182,B2026A005,471,653,2029/09/05,11
292,407,B2026A004,451,1911,2030/01/28,16
293,987,B2025A004,711,1764,2027/05/25,12
294,831,B2026A002,46,1393,2028/06/12,20
295,594,B2025A004,436,664,2027/06/23,10
296,425,B2025A002,571,1337,2030/11/23,5
297,197,B2026A002,785,1382,2028/09/17,11
298,812,B2025A001,145,735,2030/05/05,4
299,416,B2025A005,526,384,2028/05/07,12
300,803,B2025A005,327,1607,2029/12/15,14
301,472,B2026A002,792,145,2030/12/16,11
302,327,B2025A003,378,625,2030/11/15,4
303,381,B2026A003,519,1201,2027/02/15,6
304,154,B2026A001,174,819,2027/08/20,11
305,225,B2026A003,716,594,2029/12/20,19
306,506,B2026A002,815,1617,2029/01/24,5
307,490,B2025A002,770,1481,2027/06/17,4
308,459,B2026A003,30,1575,2027/12/22,13
309,913,B2026A002,514,1504,2030/10/12,20
310,190,B2026A002,619,234,2027/09/27,8
311,382,B2025A003,939,1828,2030/05/06,12
312,518,B2026A004,210,1665,2028/01/12,16
313,610,B2025A001,991,829,2027/08/14,16
314,778,B2026A003,842,258,2030/11/27,13
315,665,B2026A003,523,1888,2030/11/12,13
316,642,B2026A005,789,132,2028/09/30,18
317,297,B2025A003,378,570,2028/08/19,19
318,915,B2026A004,504,1485,2028/05/04,9
319,281,B2025A002,561,1022,2030/05/25,20
320,596,B2025A003,372,840,2030/09/20,16
321,566,B2026A004,316,1776,2028/02/14,17
322,663,B2025A002,64,1880,2027/06/24,11
323,471,B2026A004,996,1008,2027/03/10,14
324,885,B2025A002,451,1152,2027/09/06,9
325,886,B2025A002,976,1855,2029/02/01,6
326,999,B2025A001,432,1567,2029/02/08,17
327,132,B2026A002,362,1987,2028/03/05,7
328,374,B2025A002,29,1418,2028/06/14,1
329,194,B2025A002,330,1409,2028/07/22,15
330,838,B2025A004,586,717,2030/03/02,15
331,900,B2025A004,433,711,2028/08/01,8
332,170,B2025A001,402,1225,2030/11/25,9
333,275,B2026A005,613,772,2028/12/22,3
334,843,B2026A005,612,1048,2028/09/02,9
335,943,B2025A001,310,1569,2028/02/18,11
336,897,B2025A003,912,1303,2028/03/17,15
337,662,B2026A003,811,726,2028/01/14,9
338,242,B2025A001,815,463,2029/06/19,2
339,540,B2025A001,264,1176,2027/05/22,13
340,224,B2025A004,129,537,2029/09/28,9
341,941,B2026A005,784,215,2029/01/28,20
342,94,B2026A005,212,1245,2030/05/07,14
343,420,B2026A003,278,1395,2028/07/09,2
344,669,B2026A005,709,568,2027/03/21,8
345,902,B2025A001,711,1026,2029/11/20,5
346,655,B2026A004,168,1960,2030/10/29,18
347,890,B2026A005,874,557,2029/12/27,17
348,629,B2026A004,396,999,2029/08/23,9
349,950,B2026A003,432,1248,2028/12/24,16
350,87,B2026A005,268,1112,2029/10/10,2
351,513,B2025A002,353,860,2027/07/28,2
352,951,B2026A002,864,1340,2027/05/28,5
353,180,B2025A005,494,998,2027/04/30,4
354,99,B2026A003,327,237,2029/03/15,20
355,117,B2025A002,497,1536,2029/06/17,10
356,87,B2026A003,308,1985,2027/04/29,2
357,468,B2025A001,803,432,2029/03/23,13
358,770,B2025A001,662,1951,2030/07/09,10
359,197,B2025A003,639,884,2030/08/02,8
360,620,B2026A001,935,317,2027/07/07,19
361,65,B2025A005,734,558,2030/04/23,2
362,7,B2026A003,669,576,2028/05/23,20
363,569,B2025A005,242,1996,2027/05/14,11
364,673,B2026A002,148,1664,2028/05/22,5
365,999,B2025A005,722,786,2027/10/19,17
366,117,B2026A003,210,178,2030/05/06,4
367,154,B2025A002,504,1582,2029/02/26,11
368,359,B2025A001,437,776,2030/04/19,11
369,822,B2025A001,892,1162,2028/05/27,1
370,652,B2026A004,553,203,2030/03/28,11
371,352,B2025A004,100,1956,2030/10/23,10
372,758,B2025A003,915,344,2029/04/27,7
373,392,B2025A003,655,225,2029/07/20,18
374,102,B2026A004,6,1301,2028/08/04,3
375,240,B2026A004,459,596,2028/02/06,9
376,65,B2025A001,251,352,2028/11/15,19
377,962,B2025A003,636,1403,2030/05/08,9
378,606,B2026A001,133,580,2027/10/01,13
379,351,B2026A001,855,793,2028/12/29,10
380,1000,B2026A005,683,1704,2029/07/15,11
381,896,B2026A003,65,358,2028/03/20,16
382,235,B2025A001,225,1292,2027/07/18,20
383,386,B2026A003,453,259,2029/10/19,3
384,202,B2025A005,674,1889,2028/12/13,16
385,399,B2026A002,188,1032,2029/07/02,7
386,284,B2025A003,886,337,2027/08/15,4
387,756,B2025A003,270,199,2029/01/27,19
388,708,B2026A005,25,1098,2028/06/30,11
389,426,B2026A005,572,1290,2030/08/11,17
390,521,B2026A002,208,1178,2029/01/20,16
391,717,B2025A005,921,1084,2027/08/20,6
392,268,B2025A002,1000,857,2030/06/15,6
393,159,B2025A002,163,935,2027/11/02,6
394,644,B2026A005,564,1346,2029/09/22,1
395,356,B2026A001,46,1104,2027/01/10,7
396,62,B2026A002,321,1397,2029/03/19,18
397,587,B2025A004,967,941,2028/04/04,15
398,306,B2026A002,217,1237,2029/10/01,10
399,807,B2025A004,746,256,2030/04/19,8
400,997,B2026A004,489,767,2028/11/07,12
401,394,B2025A002,125,1867,2029/11/19,16
402,155,B2025A001,491,101,2027/12/14,14
403,123,B2025A001,492,1476,2029/08/02,7
404,200,B2026A002,709,682,2027/06/16,15
405,539,B2025A003,385,744,2029/08/27,7
406,157,B2025A004,267,1931,2028/02/11,4
407,870,B2025A005,445,1540,2027/08/17,15
408,457,B2026A002,889,1594,2028/01/10,2
409,901,B2025A004,612,1787,2030/11/21,7
410,843,B2025A003,41,597,2030/02/10,18
411,99,B2026A001,554,1299,2027/01/03,8
412,886,B2025A003,39,658,2028/04/24,3
413,448,B2025A001,250,1497,2027/05/31,4
414,600,B2025A001,923,1437,2029/01/07,15
415,559,B2026A001,558,1291,2028/02/22,13
416,600,B2025A001,338,347,2028/10/14,8
417,777,B2026A001,229,1974,2027/05/13,9
418,860,B2025A005,680,379,2029/09/08,14
419,80,B2026A005,421,723,2028/09/28,7
420,638,B2026A001,599,1528,2030/07/28,18
421,844,B2025A004,985,444,2028/11/15,18
422,479,B2025A002,571,1790,2027/12/05,18
423,490,B2025A002,986,907,2027/10/12,12
424,329,B2026A004,570,239,2027/03/24,14
425,143,B2025A002,637,452,2029/11/30,2
426,143,B2026A003,961,681,2029/10/14,18
427,1000,B2026A001,62,1391,2027/02/24,5
428,798,B2025A003,840,775,2029/06/24,2
429,138,B2025A002,469,1709,2030/02/14,2
430,791,B2025A004,642,725,2027/03/05,6
431,238,B2026A002,632,141,2028/11/04,5
432,296,B2025A004,253,262,2030/07/17,20
433,485,B2026A002,45,1937,2027/05/18,2
434,289,B2025A003,62,368,2029/01/23,13
435,332,B2025A001,373,822,2029/01/24,1
436,557,B2026A001,31,405,2027/03/24,2
437,614,B2026A004,51,1231,2027/08/28,19
438,17,B2025A005,635,1189,2028/03/04,11
439,930,B2025A003,764,719,2028/12/02,20
440,319,B2026A002,784,152,2029/12/09,20
441,468,B2025A004,684,611,2030/10/21,15
442,170,B2025A004,289,1307,2028/08/15,10
443,570,B2026A005,617,1803,2030/06/06,18
444,958,B2026A005,871,1557,2028/08/05,20
445,402,B2025A005,108,466,2030/12/10,3
446,40,B2026A004,701,710,2027/06/13,17
447,969,B2025A002,349,212,2027/07/06,5
448,756,B2026A003,391,877,2030/05/20,4
449,564,B2025A004,494,393,2028/10/01,2
450,550,B2025A001,882,1423,2030/08/05,8
451,637,B2025A004,435,897,2027/07/05,8
452,13,B2026A003,489,1427,2030/09/04,17
453,411,B2025A001,945,1232,2030/08/28,13
454,739,B2026A004,205,1815,2029/02/14,15
455,648,B2025A001,75,1185,2029/12/21,14
456,391,B2025A001,97,1088,2027/07/21,10
457,36,B2026A003,436,1501,2027/07/22,5
458,555,B2026A005,716,1828,2028/06/04,6
459,143,B2025A002,569,625,2028/10/27,1
460,375,B2025A003,592,1821,2027/06/11,8
461,481,B2026A002,700,1517,2028/07/01,16
462,776,B2025A004,172,1098,2027/06/01,5
463,926,B2025A003,490,1820,2028/07/14,5
464,773,B2026A004,430,1106,2028/03/14,19
465,815,B2025A004,299,1403,2028/06/23,19
466,859,B2026A004,590,678,2027/07/12,13
467,251,B2026A005,84,669,2027/08/17,13
468,737,B2026A005,712,932,2029/04/02,11
469,595,B2026A005,79,589,2027/02/14,2
470,183,B2026A005,593,1452,2028/10/04,20
471,360,B2025A002,356,1767,2028/08/15,8
472,854,B2025A004,195,511,2030/03/23,13
473,802,B2025A001,261,895,2028/02/12,19
474,387,B2025A004,571,1891,2029/09/18,14
475,789,B2026A001,289,1019,2030/05/13,8
476,970,B2025A004,99,1966,2030/05/13,7
477,709,B2025A002,568,569,2027/08/20,18
478,682,B2026A003,408,795,2030/10/31,7
479,626,B2025A003,61,238,2029/01/24,2
480,395,B2026A005,877,114,2027/10/12,18
481,543,B2026A002,922,1318,2028/02/18,5
482,835,B2026A005,28,1158,2027/01/20,15
483,638,B2025A002,336,375,2029/05/01,6
484,984,B2025A001,758,1790,2029/11/24,11
485,742,B2025A002,639,858,2029/06/15,14
486,130,B2025A005,623,1022,2028/09/09,5
487,859,B2025A003,766,896,2030/04/02,5
488,711,B2026A005,608,325,2028/10/05,4
489,59,B2025A005,123,1645,2027/05/01,9
490,991,B2025A004,503,119,2030/08/21,7
491,282,B2026A004,100,875,2029/05/11,2
492,671,B2026A005,655,1825,2029/05/14,6
493,101,B2026A003,534,288,2029/08/22,3
494,720,B2026A005,558,1958,2028/08/21,12
495,940,B2026A004,217,929,2030/03/17,2
496,797,B2026A002,32,137,2029/07/31,18
497,693,B2026A005,995,579,2029/04/01,4
498,68,B2026A001,256,1406,2027/01/28,16
499,175,B2025A002,403,1496,2029/02/13,10
500,762,B2026A004,628,741,2027/11/03,14
501,802,B2026A005,704,363,2030/09/29,12
502,7,B2025A004,673,691,2028/02/19,19
503,813,B2025A002,924,1932,2027/11/26,17
504,129,B2026A005,694,1146,2029/06/28,12
505,377,B2026A002,700,937,2030/09/06,11
506,864,B2025A001,581,1087,2027/01/13,2
507,176,B2025A004,870,1656,2030/12/03,13
508,195,B2026A005,750,494,2027/05/29,18
509,370,B2025A003,79,965,2027/12/24,2
510,347,B2025A005,120,355,2028/08/28,8
511,474,B2026A002,262,647,2028/08/23,3
512,7,B2025A001,403,1376,2030/12/04,9
513,794,B2026A004,912,1825,2030/08/18,18
514,164,B2025A003,304,529,2029/11/26,6
515,771,B2025A002,324,236,2028/07/17,6
516,543,B2026A005,631,293,2027/10/08,4
517,84,B2025A005,230,830,2028/01/29,20
518,249,B2026A005,672,1084,2030/01/08,1
519,427,B2026A001,72,1841,2030/11/13,3
520,751,B2025A005,129,693,2029/12/11,4
521,868,B2025A002,367,139,2029/04/20,16
522,545,B2025A001,370,938,2028/03/03,11
523,643,B2025A005,899,474,2030/05/05,10
524,44,B2026A003,40,177,2027/09/18,19
525,937,B2025A001,954,1079,2029/12/29,14
526,286,B2026A004,639,1954,2028/03/13,2
527,265,B2026A001,221,1064,2030/11/02,1
528,728,B2026A005,114,1921,2030/10/10,20
529,379,B2026A003,202,492,2027/08/10,13
530,910,B2026A002,690,334,2027/11/14,17
531,901,B2026A002,792,416,2028/07/18,16
532,702,B2026A004,427,1960,2029/02/02,20
533,720,B2025A003,55,985,2028/06/21,9
534,375,B2025A005,858,1472,2028/06/21,5
535,918,B2025A005,357,1969,2027/10/28,6
536,2,B2026A001,124,731,2029/03/10,9
537,10,B2026A001,404,1231,2029/07/23,20
538,28,B2025A003,777,764,2030/10/23,17
539,879,B2025A001,800,1572,2027/01/23,15
540,356,B2025A003,984,1651,2029/11/06,7
541,91,B2026A003,775,432,2028/05/08,5
542,165,B2026A002,706,1480,2028/07/29,6
543,980,B2025A003,804,1318,2030/04/08,9
544,278,B2026A001,676,487,2027/02/05,12
545,369,B2026A001,60,653,2028/11/09,19
546,639,B2025A002,597,1340,2028/10/01,16
547,522,B2025A003,908,918,2028/02/10,16
548,232,B2026A003,145,1421,2028/09/02,14
549,163,B2026A004,14,109,2029/01/13,14
550,620,B2026A002,397,964,2029/10/08,18
551,364,B2025A002,69,903,2030/03/19,4
552,769,B2025A002,426,747,2029/12/22,7
553,642,B2025A002,552,622,2028/10/16,16
554,150,B2026A005,368,1978,2030/02/15,17
555,555,B2025A004,918,1900,2028/09/11,2
556,339,B2025A001,461,1859,2030/05/14,3
557,127,B2025A004,304,188,2030/09/28,3
558,150,B2026A003,503,113,2027/12/04,20
559,586,B2025A003,488,480,2027/05/29,16
560,71,B2025A001,810,1787,2027/04/14,8
561,154,B2025A004,463,577,2030/02/19,19
562,436,B2026A004,279,578,2030/03/22,15
563,480,B2026A005,155,1661,2028/12/30,5
564,716,B2026A001,593,1128,2027/07/03,9
565,95,B2026A001,642,1919,2028/05/25,3
566,389,B2025A002,381,437,2030/07/01,6
567,706,B2026A002,34,1992,2027/06/14,19
568,428,B2026A004,501,1253,2030/07/15,7
569,363,B2026A001,910,1846,2027/12/04,9
570,842,B2025A005,685,1810,2027/06/07,3
571,957,B2026A003,613,256,2030/07/12,5
572,961,B2026A001,691,1844,2027/10/22,12
573,520,B2026A001,2,294,2029/09/26,1
574,502,B2025A001,837,1937,2027/01/27,2
575,713,B2026A001,111,1141,2027/05/18,8
576,855,B2026A003,503,1589,2027/12/09,11
577,897,B2025A004,34,402,2028/11/12,1
578,924,B2026A005,751,286,2029/02/23,1
579,942,B2026A003,620,1605,2027/05/23,20
580,288,B2026A002,753,435,2029/06/21,4
581,200,B2025A001,563,851,2027/11/04,5
582,998,B2025A004,267,366,2030/06/23,4
583,206,B2025A003,67,1449,2028/06/27,3
584,943,B2025A004,585,1235,2027/05/23,2
585,538,B2025A001,641,1336,2029/10/12,12
586,733,B2025A002,610,1461,2030/05/21,11
587,607,B2026A003,205,1644,2027/10/23,19
588,562,B2026A002,908,751,2029/06/15,1
589,721,B2025A003,780,1263,2030/02/17,13
590,316,B2026A002,961,1300,2027/06/29,14
591,471,B2026A003,525,1605,2030/08/13,15
592,868,B2026A002,452,921,2027/10/03,8
593,583,B2025A001,978,1545,2028/03/24,9
594,917,B2025A004,757,1736,2030/05/27,8
595,443,B2026A005,744,306,2029/06/03,2
596,751,B2025A002,989,283,2028/06/28,13
597,28,B2025A005,875,1238,2028/03/26,12
598,655,B2026A005,20,132,2029/04/19,15
599,45,B2025A003,360,1914,2028/02/01,11
600,591,B2026A003,648,1673,2029/07/03,17
601,677,B2026A002,836,183,2028/10/01,7
602,482,B2025A001,735,643,2029/11/22,1
603,624,B2025A004,990,1416,2028/12/25,14
604,271,B2026A001,495,256,2029/04/05,6
605,289,B2026A005,340,1106,2029/01/31,20
606,65,B2026A001,997,626,2029/04/25,13
607,444,B2025A005,255,171,2028/06/15,6
608,681,B2025A005,541,1084,2027/10/16,20
609,563,B2026A003,256,1849,2027/11/09,6
610,282,B2025A003,241,818,2028/09/15,6
611,565,B2026A002,578,1344,2027/06/11,9
612,555,B2025A002,398,1228,2030/10/26,18
613,481,B2026A003,78,1858,2029/05/08,7
614,580,B2026A001,213,822,2027/05/28,11
615,982,B2026A002,438,1689,2029/05/04,4
616,874,B2025A001,915,637,2029/04/18,17
617,264,B2025A005,967,895,2029/05/12,10
618,349,B2026A004,790,1373,2030/07/24,8
619,438,B2026A003,483,1919,2029/06/24,8
620,485,B2025A005,132,1844,2028/09/14,9
621,992,B2025A002,151,1805,2029/01/21,3
622,742,B2026A005,697,666,2028/09/10,18
623,76,B2026A004,44,684,2027/06/23,16
624,173,B2025A002,367,1235,2030/03/13,19
625,402,B2026A001,496,1600,2030/03/01,3
626,663,B2025A005,298,715,2030/05/04,5
627,601,B2025A005,400,1889,2027/08/03,10
628,471,B2026A001,85,204,2029/02/22,14
629,612,B2026A001,631,1962,2029/10/03,18
630,765,B2025A004,745,447,2030/07/19,5
631,108,B2026A002,509,1809,2029/04/18,15
632,714,B2025A002,168,329,2028/07/31,15
633,359,B2026A003,450,554,2027/12/26,7
634,598,B2026A005,484,775,2030/03/11,2
635,372,B2025A005,130,1044,2027/09/23,10
636,565,B2025A004,890,1597,2028/06/12,6
637,82,B2025A001,673,1070,2028/12/30,11
638,840,B2026A001,9,966,2028/12/29,1
639,767,B2025A002,411,1295,2030/07/16,5
640,944,B2025A002,724,1866,2029/06/19,5
641,217,B2026A001,651,1433,2028/09/25,9
642,534,B2025A003,631,1618,2029/10/18,12
643,357,B2026A005,169,1827,2030/08/04,8
644,461,B2025A001,777,592,2030/07/23,2
645,318,B2026A001,740,255,2028/01/08,15
646,86,B2026A004,135,157,2027/12/13,20
647,541,B2026A004,841,1592,2029/04/28,6
648,530,B2025A003,205,1397,2030/09/27,17
649,992,B2026A001,872,164,2029/10/07,6
650,607,B2026A001,423,870,2028/09/19,6
651,980,B2026A003,480,1523,2030/08/04,19
652,435,B2025A003,72,1491,2029/01/21,20
653,534,B2025A005,466,1554,2028/05/28,4
654,608,B2026A005,449,514,2030/07/11,16
655,421,B2025A005,464,785,2027/12/04,13
656,619,B2025A005,218,1840,2028/10/20,7
657,625,B2025A001,236,481,2029/03/20,1
658,629,B2025A001,449,739,2027/04/18,6
659,195,B2025A001,892,1596,2030/12/21,7
660,586,B2026A004,379,170,2030/06/02,19
661,465,B2025A005,328,571,2029/07/31,19
662,137,B2026A002,621,639,2030/07/09,9
663,129,B2025A001,400,476,2028/08/14,14
664,221,B2025A002,214,327,2029/04/18,4
665,325,B2026A005,25,1800,2028/05/25,13
666,899,B2025A001,22,1633,2029/10/15,19
667,724,B2025A003,121,1772,2028/07/25,12
668,402,B2025A003,730,948,2029/05/21,3
669,361,B2026A001,744,1506,2027/10/24,10
670,183,B2026A002,95,1372,2027/05/23,3
671,735,B2026A004,558,1143,2027/01/06,13
672,937,B2026A003,277,1209,2029/01/30,2
673,647,B2026A001,121,170,2030/11/20,7
674,926,B2026A003,990,745,2027/09/08,18
675,772,B2026A004,818,1463,2029/04/28,17
676,916,B2026A004,255,308,2028/08/18,17
677,984,B2026A003,761,810,2028/08/14,13
678,940,B2025A003,558,1708,2030/06/08,2
679,548,B2026A001,180,610,2028/10/19,9
680,429,B2026A002,150,338,2030/04/21,8
681,81,B2026A003,889,574,2030/02/16,16
682,799,B2026A001,373,190,2029/08/25,11
683,305,B2026A005,870,135,2030/04/09,17
684,355,B2025A001,135,697,2028/04/02,15
685,981,B2025A002,420,1064,2027/03/15,7
686,783,B2025A002,262,1379,2030/12/12,13
687,198,B2026A002,620,315,2028/12/28,1
688,740,B2025A004,287,838,2028/10/29,14
689,165,B2025A003,845,1373,2030/10/12,18
690,243,B2026A001,282,1115,2030/10/12,7
691,538,B2025A005,707,1176,2028/08/21,20
692,155,B2026A005,423,551,2029/08/04,12
693,216,B2025A002,666,312,2030/09/08,20
694,464,B2025A004,461,1303,2030/09/30,7
695,341,B2025A003,672,1532,2029/12/22,8
696,437,B2025A002,694,242,2030/10/26,18
697,290,B2025A003,261,886,2028/03/23,9
698,397,B2025A005,660,1805,2028/08/21,17
699,278,B2026A004,737,501,2028/10/17,18
700,160,B2025A004,560,1225,2028/08/31,17
701,807,B2026A003,991,615,2027/03/25,19
702,290,B2026A003,739,806,2028/03/21,8
703,666,B2025A003,321,1257,2029/10/03,8
704,450,B2026A001,754,1850,2029/06/28,4
705,140,B2025A001,4,1931,2028/06/13,4
706,351,B2025A002,907,948,2029/08/13,17
707,45,B2025A001,798,1676,2030/03/12,12
708,501,B2026A003,801,1577,2030/12/26,12
709,316,B2026A004,443,1912,2029/11/15,8
710,855,B2025A004,724,714,2029/05/16,5
711,30,B2026A002,204,708,2027/06/17,8
712,907,B2025A001,360,1743,2030/01/24,5
713,802,B2026A002,837,1611,2027/04/25,1
714,576,B2025A003,958,1841,2030/05/03,9
715,770,B2025A001,200,1584,2027/02/21,20
716,305,B2025A004,981,1933,2029/02/01,4
717,535,B2025A002,526,632,2029/07/15,17
718,176,B2026A001,498,180,2027/09/23,11
719,551,B2026A005,253,505,2030/04/13,3
720,580,B2026A005,611,1548,2027/03/10,16
721,549,B2026A001,895,952,2028/08/16,19
722,392,B2025A003,183,1701,2028/06/14,10
723,539,B2026A005,973,411,2027/10/11,7
724,314,B2026A002,125,751,2029/10/31,1
725,644,B2025A005,71,1337,2030/11/06,18
726,63,B2026A003,206,484,2028/09/03,9
727,579,B2026A001,711,1127,2030/08/01,4
728,88,B2026A005,93,1515,2029/07/23,1
729,229,B2026A003,545,945,2027/08/11,3
730,238,B2026A002,523,324,2029/08/29,16
731,278,B2026A005,746,920,2028/12/19,7
732,47,B2025A003,987,363,2029/02/04,1
733,149,B2025A005,746,1921,2030/07/07,13
734,507,B2025A001,304,1137,2028/04/28,16
735,53,B2026A001,963,1004,2028/03/21,16
736,419,B2026A005,752,315,2028/03/01,7
737,370,B2025A003,945,377,2027/02/06,14
738,677,B2026A005,231,319,2030/07/07,20
739,378,B2025A005,919,1092,2028/08/23,15
740,320,B2025A004,19,388,2027/11/22,13
741,733,B2026A003,207,254,2029/12/14,8
742,64,B2026A001,848,1460,2029/03/19,1
743,859,B2026A004,160,1258,2028/03/25,17
744,29,B2026A002,138,282,2030/01/18,8
745,883,B2025A005,748,1651,2027/11/05,10
746,910,B2025A004,137,736,2027/04/09,20
747,63,B2026A001,1,905,2027/06/14,13
748,592,B2026A003,327,1325,2029/06/28,17
749,530,B2026A002,696,189,2028/10/11,6
750,667,B2025A001,689,768,2030/08/05,11
751,558,B2025A004,774,1172,2028/01/09,2
752,172,B2025A004,869,1928,2029/08/11,6
753,482,B2026A002,53,271,2029/10/19,10
754,855,B2026A003,874,1597,2029/06/22,18
755,802,B2025A001,640,463,2027/08/02,14
756,623,B2025A004,865,932,2029/11/15,3
757,198,B2025A003,665,1534,2028/09/22,7
758,424,B2026A004,562,1678,2028/08/14,15
759,819,B2026A003,395,716,2028/05/18,16
760,331,B2026A003,837,1235,2029/12/03,20
761,602,B2025A002,837,1368,2030/08/28,9
762,729,B2025A002,598,869,2030/07/14,15
763,151,B2025A005,382,931,2030/09/08,12
764,686,B2025A005,298,1212,2027/04/26,7
765,515,B2026A002,338,1797,2030/11/04,13
766,683,B2025A001,651,575,2029/01/18,16
767,765,B2026A001,449,840,2028/08/12,19
768,177,B2026A004,153,787,2029/12/19,7
769,241,B2025A003,774,1472,2028/04/15,5
770,701,B2026A001,668,503,2030/09/02,20
771,311,B2026A001,399,1642,2027/06/09,8
772,276,B2025A003,69,1079,2027/05/02,8
773,848,B2025A003,780,1828,2028/11/25,12
774,487,B2025A002,181,969,2030/07/25,15
775,677,B2026A005,858,1850,2029/04/21,13
776,700,B2026A003,486,1489,2030/03/08,7
777,149,B2025A005,67,954,2027/07/12,3
778,255,B2026A002,438,686,2029/09/01,20
779,220,B2026A004,661,319,2028/02/21,9
780,351,B2025A005,718,1469,2030/10/20,11
781,731,B2026A003,422,1696,2030/09/12,3
782,126,B2025A005,243,1161,2029/12/25,10
783,581,B2026A005,57,495,2028/03/23,15
784,339,B2026A002,133,136,2030/02/17,12
785,379,B2026A002,210,163,2029/11/10,2
786,591,B2026A002,806,1203,2028/07/09,14
787,34,B2026A002,21,1158,2027/04/24,1
788,665,B2025A002,995,1268,2028/03/27,12
789,765,B2026A003,993,1951,2027/03/20,5
790,345,B2026A002,494,980,2030/05/31,9
791,482,B2026A005,163,1810,2027/12/13,9
792,697,B2026A001,369,601,2028/01/11,12
793,671,B2026A004,92,203,2028/04/09,7
794,59,B2025A003,924,1979,2029/10/12,1
795,338,B2026A004,257,1291,2028/10/20,19
796,352,B2026A001,277,998,2028/11/25,3
797,733,B2025A004,794,574,2030/02/22,13
798,359,B2025A002,866,1027,2028/02/20,9
799,533,B2026A003,813,1000,2028/01/17,3
800,743,B2026A004,431,1039,2029/11/07,13
801,573,B2026A001,562,291,2028/01/04,17
802,211,B2025A002,116,656,2029/01/01,5
803,83,B2025A005,591,297,2028/07/05,17
804,891,B2025A001,399,1545,2027/03/30,5
805,737,B2025A002,81,431,2027/12/17,5
806,712,B2026A003,288,275,2028/09/06,5
807,217,B2026A005,673,1569,2030/10/19,14
808,294,B2025A004,49,408,2028/04/10,14
809,186,B2026A001,584,805,2030/02/09,5
810,874,B2025A004,974,1737,2030/11/24,9
811,901,B2025A005,463,431,2029/04/17,7
812,377,B2026A001,65,1557,2027/03/09,4
813,205,B2026A004,408,1483,2028/01/03,9
814,438,B2026A003,684,1424,2030/09/28,1
815,641,B2025A001,901,504,2029/08/17,8
816,182,B2025A002,684,636,2028/12/17,17
817,28,B2025A001,690,1291,2028/06/08,8
818,368,B2026A002,745,365,2027/06/15,18
819,731,B2026A005,942,1183,2028/09/13,6
820,501,B2025A001,680,1043,2029/06/01,16
821,84,B2025A004,499,434,2028/02/27,4
822,313,B2025A004,620,291,2029/10/31,15
823,996,B2025A004,611,771,2029/05/25,8
824,12,B2026A004,256,759,2029/06/03,17
825,677,B2026A003,687,844,2029/11/07,1
826,532,B2026A003,351,1231,2028/06/02,16
827,331,B2025A002,295,656,2027/11/15,15
828,27,B2025A004,880,1407,2030/01/08,17
829,566,B2025A003,782,516,2028/02/08,19
830,412,B2025A002,60,1974,2027/05/26,2
831,515,B2026A004,706,202,2029/07/09,2
832,360,B2026A004,963,1990,2030/05/11,9
833,736,B2026A003,361,1374,2027/08/08,3
834,183,B2025A003,602,1347,2029/01/03,1
835,845,B2026A005,348,1840,2028/02/18,12
836,146,B2026A001,792,348,2028/01/23,7
837,568,B2026A004,420,687,2029/05/04,9
838,69,B2026A001,106,1813,2028/11/27,17
839,200,B2026A005,184,680,2029/01/15,10
840,627,B2026A003,416,753,2028/08/28,13
841,311,B2025A002,277,392,2028/01/18,4
842,283,B2026A004,887,1098,2027/09/08,12
843,457,B2025A003,242,1613,2028/11/21,14
844,440,B2026A002,491,1318,2027/10/24,11
845,643,B2025A003,206,1425,2027/11/16,5
846,666,B2025A005,371,1681,2027/11/16,2
847,313,B2026A001,947,302,2028/01/21,20
848,516,B2026A003,500,987,2027/10/13,12
849,669,B2026A004,763,1829,2029/08/06,18
850,926,B2025A001,543,1883,2030/09/02,13
851,659,B2026A002,509,1375,2027/08/15,7
852,887,B2025A002,306,560,2029/06/20,12
853,561,B2026A002,524,1395,2027/06/11,5
854,890,B2025A002,795,609,2029/04/03,6
855,516,B2025A003,945,1011,2030/08/18,10
856,359,B2025A004,667,1184,2028/04/18,16
857,439,B2026A003,229,1115,2030/09/16,9
858,24,B2025A001,745,651,2029/12/17,6
859,611,B2025A002,64,203,2029/02/26,19
860,546,B2025A001,150,1251,2028/12/06,20
861,804,B2026A002,148,741,2030/04/05,19
862,554,B2026A002,417,897,2027/03/16,4
863,710,B2025A003,273,1150,2030/08/07,13
864,521,B2026A002,794,327,2027/12/17,13
865,197,B2025A002,778,1064,2028/04/04,11
866,555,B2026A003,582,1377,2030/03/24,3
867,884,B2025A002,901,1618,2027/01/21,1
868,608,B2025A004,305,1599,2030/06/20,8
869,472,B2025A003,313,1993,2027/09/23,5
870,356,B2026A003,602,851,2028/03/21,12
871,354,B2025A002,709,1624,2028/07/02,9
872,933,B2025A003,910,455,2030/04/20,6
873,214,B2025A005,67,683,2029/09/27,8
874,276,B2025A001,496,1288,2027/10/24,14
875,395,B2025A002,725,1348,2030/11/11,12
876,230,B2025A005,275,430,2029/10/08,19
877,910,B2026A002,833,1925,2027/09/29,11
878,657,B2026A003,257,750,2028/02/03,9
879,241,B2025A002,332,1208,2030/11/06,16
880,588,B2026A005,116,576,2027/01/31,16
881,928,B2026A001,456,1900,2028/06/26,5
882,469,B2025A004,34,1515,2029/01/11,10
883,124,B2025A002,633,819,2029/01/02,3
884,205,B2025A002,390,1890,2027/04/08,10
885,107,B2026A001,900,788,2028/03/08,20
886,1,B2025A002,122,711,2027/08/02,19
887,948,B2026A004,748,1406,2027/04/07,12
888,310,B2026A002,487,1682,2029/06/30,12
889,848,B2025A002,713,622,2029/02/03,13
890,866,B2026A003,495,1065,2027/02/10,14
891,311,B2026A004,63,774,2027/03/28,8
892,719,B2025A003,120,1660,2030/04/30,13
893,590,B2025A004,58,1950,2029/01/06,16
894,953,B2025A005,757,1376,2028/12/26,15
895,530,B2025A002,971,1798,2030/12/18,15
896,730,B2025A002,667,1395,2029/06/10,16
897,47,B2025A001,30,915,2029/03/21,14
898,339,B2026A003,619,1027,2030/06/09,20
899,98,B2025A002,906,1997,2029/09/27,6
900,939,B2025A005,486,1595,2030/06/05,1
901,460,B2026A005,884,1015,2030/11/24,3
902,355,B2025A002,945,1410,2030/12/28,4
903,969,B2026A005,134,1559,2028/12/30,16
904,667,B2026A005,305,1315,2029/08/02,18
905,543,B2026A004,459,323,2030/08/09,10
906,708,B2026A002,93,1862,2030/09/14,8
907,890,B2026A005,498,1419,2030/07/25,14
908,717,B2026A001,776,1184,2029/06/20,9
909,300,B2026A003,488,1040,2027/05/09,14
910,706,B2026A004,618,1552,2029/07/26,19
911,448,B2026A001,600,1347,2028/12/04,12
912,825,B2025A003,63,512,2028/11/25,18
913,238,B2026A004,584,1509,2027/02/28,17
914,322,B2025A005,688,487,2029/07/05,19
915,8,B2026A002,762,1920,2028/02/19,12
916,495,B2026A002,599,1310,2028/10/31,14
917,818,B2025A005,910,748,2027/04/27,15
918,274,B2026A004,369,1983,2027/03/19,11
919,657,B2025A005,772,815,2028/01/25,11
920,183,B2026A002,986,851,2030/01/27,5
921,943,B2026A003,458,244,2030/03/10,5
922,454,B2026A002,868,1534,2030/10/09,19
923,194,B2025A002,626,1052,2027/12/21,17
924,768,B2026A003,119,840,2028/07/27,5
925,818,B2026A001,937,1299,2028/10/22,13
926,258,B2025A005,785,1803,2030/02/10,19
927,60,B2026A003,371,729,2029/10/29,4
928,94,B2025A002,471,709,2028/02/29,7
929,679,B2025A005,217,1584,2027/05/14,7
930,66,B2025A005,829,1246,2027/09/27,14
931,949,B2025A001,12,923,2027/04/06,14
932,383,B2025A003,130,566,2028/05/21,18
933,60,B2026A002,639,1748,2027/08/18,10
934,548,B2026A003,53,248,2029/02/08,12
935,105,B2025A003,476,298,2029/11/16,10
936,624,B2025A005,569,1384,2030/06/03,14
937,943,B2025A001,81,995,2028/05/21,16
938,59,B2025A004,172,433,2027/12/03,13
939,91,B2025A001,917,765,2030/08/21,1
940,603,B2026A003,98,146,2027/09/03,20
941,555,B2025A003,915,421,2028/06/23,9
942,545,B2026A001,388,597,2029/03/09,20
943,204,B2026A001,773,1452,2028/02/21,14
944,441,B2025A001,777,904,2029/01/21,3
945,715,B2026A001,801,1682,2027/07/27,17
946,649,B2026A003,496,1242,2030/10/11,7
947,76,B2025A005,694,1939,2030/03/29,15
948,190,B2025A001,670,611,2030/10/11,6
949,761,B2026A002,217,107,2027/08/08,9
950,266,B2026A001,350,1291,2029/04/28,16
951,70,B2025A004,629,1733,2029/07/04,6
952,449,B2026A003,564,1303,2027/11/02,4
953,180,B2025A002,618,1960,2027/11/21,11
954,671,B2025A004,331,1691,2029/03/06,17
955,576,B2026A005,399,1147,2029/07/06,10
956,7,B2026A004,651,780,2030/06/22,8
957,261,B2025A003,352,662,2030/07/10,8
958,490,B2025A001,332,312,2029/06/04,14
959,86,B2025A001,859,720,2030/10/04,1
960,379,B2025A001,215,830,2030/05/27,19
961,202,B2025A003,631,141,2029/05/29,3
962,352,B2026A005,341,1538,2029/04/21,10
963,781,B2025A004,458,315,2028/03/14,19
964,189,B2025A005,110,1387,2030/05/08,5
965,959,B2026A004,627,1610,2027/09/11,13
966,901,B2025A004,77,474,2030/10/04,13
967,453,B2026A004,278,855,2028/01/28,9
968,206,B2026A001,667,1785,2028/08/05,12
969,118,B2026A005,636,1974,2027/04/27,12
970,454,B2026A001,229,1433,2029/06/12,19
971,838,B2025A005,103,1104,2030/05/04,8
972,750,B2025A003,383,946,2030/04/21,1
973,976,B2025A004,840,674,2027/05/07,4
974,841,B2025A005,278,363,2029/11/13,11
975,610,B2026A002,142,1878,2028/03/24,10
976,839,B2025A005,809,883,2029/11/28,15
977,565,B2025A001,579,867,2028/03/21,9
978,303,B2025A001,143,1689,2030/11/03,14
979,987,B2025A001,917,1316,2030/08/13,12
980,222,B2026A004,317,726,2027/06/16,15
981,216,B2025A004,711,1832,2030/07/07,5
982,146,B2026A004,267,314,2028/08/11,12
983,630,B2025A004,87,475,2027/04/07,10
984,971,B2025A002,440,1872,2028/09/03,4
985,818,B2026A002,978,271,2030/01/05,18
986,179,B2026A001,977,184,2027/02/04,18
987,743,B2026A002,524,1056,2028/09/09,11
988,414,B2025A005,623,1864,2027/10/10,7
989,541,B2026A005,405,1929,2028/06/25,3
990,165,B2025A005,381,850,2029/11/10,19
991,965,B2026A004,137,1333,2027/11/15,14
992,481,B2026A003,458,273,2030/08/20,10
993,75,B2025A003,664,1907,2029/10/19,7
994,747,B2026A001,602,638,2029/02/06,5
995,644,B2026A005,283,1424,2029/10/20,18
996,428,B2025A002,801,859,2029/04/05,8
997,957,B2026A004,776,1182,2029/10/03,2
998,622,B2026A004,865,242,2030/02/27,4
999,383,B2026A003,38,407,2029/03/31,15
1000,337,B2025A005,29,677,2028/05/20,9
